SetNumber,PartID,Quantity,Colour,Category,DesignID,PartName,ImageURL,SetCount
"70809-1",6058016,1,"Aqua","System: Plates",3024,"Plate 1X1","http://cache.lego.com/media/bricks/5/1/6058016.jpg",5
"70809-1",4563477,6,"Black","System: Animals And Creatures",87747,"Tooth Ø3.2 Shaft","http://cache.lego.com/media/bricks/5/1/4563477.jpg",62
"70809-1",245426,6,"Black","System: Bricks",2454,"Brick 1X2X5","http://cache.lego.com/media/bricks/5/1/245426.jpg",57
"70809-1",246526,1,"Black","System: Bricks",2465,"Brick 1X16","http://cache.lego.com/media/bricks/5/1/246526.jpg",70
"70809-1",287726,6,"Black","System: Bricks",2877,"Profile Brick 1X2","http://cache.lego.com/media/bricks/5/1/287726.jpg",147
"70809-1",300426,4,"Black","System: Bricks",3004,"Brick 1X2","http://cache.lego.com/media/bricks/5/1/300426.jpg",718
"70809-1",300526,14,"Black","System: Bricks",3005,"Brick 1X1","http://cache.lego.com/media/bricks/5/1/300526.jpg",431
"70809-1",300826,2,"Black","System: Bricks",3008,"Brick 1X8","http://cache.lego.com/media/bricks/5/1/300826.jpg",165
"70809-1",362226,10,"Black","System: Bricks",3622,"Brick 1X3","http://cache.lego.com/media/bricks/5/1/362226.jpg",291
"70809-1",4299388,6,"Black","System: Bricks With Bows And Arches",6183,"Arch 1X6X2","http://cache.lego.com/media/bricks/5/1/4299388.jpg",17
"70809-1",473326,2,"Black","System: Bricks, Special",4733,"Brick 1X1 W. 4 Knobs","http://cache.lego.com/media/bricks/5/1/473326.jpg",135
"70809-1",4162235,2,"Black","System: Bricks, Special",40902,"Brick 2X2 Fric/Fork Vert./End","http://cache.lego.com/media/bricks/5/1/4162235.jpg",38
"70809-1",4265484,2,"Black","System: Bricks, Special",30364,"Brick 1X2 W/Stub Vertical End","http://cache.lego.com/media/bricks/5/1/4265484.jpg",29
"70809-1",6052796,1,"Black","System: Bricks, Special",90258,"Brick 2X2 W/Groove A.Cr.Hole","http://cache.lego.com/media/bricks/5/1/6052796.jpg",2
"70809-1",370126,8,"Black","System: Bricks, Special Ø4.85 Hole And Connecting Bush",3701,"Technic Brick 1X4, Ø4,9","http://cache.lego.com/media/bricks/5/1/370126.jpg",223
"70809-1",654126,1,"Black","System: Bricks, Special Ø4.85 Hole And Connecting Bush",6541,"Technic Brick 1X1","http://cache.lego.com/media/bricks/5/1/654126.jpg",220
"70809-1",303926,6,"Black","System: Bricks, With Slope",3039,"Roof Tile 2X2/45°","http://cache.lego.com/media/bricks/5/1/303926.jpg",285
"70809-1",329826,4,"Black","System: Bricks, With Slope",3298,"Roof Tile 2X3/25°","http://cache.lego.com/media/bricks/5/1/329826.jpg",164
"70809-1",366026,4,"Black","System: Bricks, With Slope",3660,"Roof Tile 2X2/45° Inv.","http://cache.lego.com/media/bricks/5/1/366026.jpg",322
"70809-1",428726,6,"Black","System: Bricks, With Slope",4287,"Roof Tile 1X3/25° Inv.","http://cache.lego.com/media/bricks/5/1/428726.jpg",97
"70809-1",446026,2,"Black","System: Bricks, With Slope",4460,"Roof Tile 1X2X3/73°","http://cache.lego.com/media/bricks/5/1/446026.jpg",66
"70809-1",4121966,12,"Black","System: Bricks, With Slope",3040,"Roof Tile 1X2/45°","http://cache.lego.com/media/bricks/5/1/4121966.jpg",308
"70809-1",4188534,2,"Black","System: Bricks, With Slope",4871,"Roof Tile 4X2/45° Inv.","http://cache.lego.com/media/bricks/5/1/4188534.jpg",76
"70809-1",4189064,2,"Black","System: Bricks, With Slope",3045,"Corner Brick 2X2/45° Outside","http://cache.lego.com/media/bricks/5/1/4189064.jpg",52
"70809-1",4504382,9,"Black","System: Bricks, With Slope",54200,"Roof Tile 1X1X2/3, Abs","http://cache.lego.com/media/bricks/5/1/4504382.jpg",383
"70809-1",4548180,2,"Black","System: Bricks, With Slope",85984,"Roof Tile 1 X 2 X 2/3, Abs","http://cache.lego.com/media/bricks/5/1/4548180.jpg",284
"70809-1",4159103,1,"Black","System: Connectors",2566,"Assembly Element Ø3.2","http://cache.lego.com/media/bricks/5/1/4159103.jpg",83
"70809-1",4532220,1,"Black","System: Connectors",2566,"Assembly Element Ø3.2","http://cache.lego.com/media/bricks/5/1/4532220.jpg",55
"70809-1",4667463,3,"Black","System: Cranes And Scaffold",95347,"Lattice Tower 2X2X10 W/Cross","http://cache.lego.com/media/bricks/5/1/4667463.jpg",34
"70809-1",4285883,2,"Black","System: Decoration Elements",47456,"Plate W. Bows 2X3½","http://cache.lego.com/media/bricks/5/1/4285883.jpg",44
"70809-1",4249857,6,"Black","System: Figure Accessories, Upper And Lower Part",6266,"Skeleton, Leg","http://cache.lego.com/media/bricks/5/1/4249857.jpg",43
"70809-1",6038453,6,"Black","System: Figure Accessories, Upper And Lower Part",6266,"Skeleton, Leg","http://cache.lego.com/media/bricks/5/1/6038453.jpg",22
"70809-1",6055594,1,"Black","System: Figure Accessories, Upper Body",15845,"Armour No. 3 'No. 1'","http://cache.lego.com/media/bricks/5/1/6055594.jpg",1
"70809-1",4521439,4,"Black","System: Frames, Windows, Walls And Doors",60592,"Frame 1X2X2","http://cache.lego.com/media/bricks/5/1/4521439.jpg",30
"70809-1",383126,4,"Black","System: Functional Elements",3831,"Hinge 1X2 Lower Part","http://cache.lego.com/media/bricks/5/1/383126.jpg",40
"70809-1",6011458,4,"Black","System: Functional Elements",3830,"Hinge 1X2 Upper Part","http://cache.lego.com/media/bricks/5/1/6011458.jpg",15
"70809-1",407926,4,"Black","System: Interior",4079,"Seat 2X2X2","http://cache.lego.com/media/bricks/5/1/407926.jpg",86
"70809-1",9339,2,"Black","System: Mini Figure",73200,"Mini Body Lower Part Black","http://cache.lego.com/media/bricks/5/1/9339.jpg",698
"70809-1",6083001,1,"Black","System: Mini Figure",18386,"Brick 1X2X2 77 Degrees 1 M - Ass.","http://cache.lego.com/media/bricks/5/1/6083001.jpg",1
"70809-1",242026,8,"Black","System: Plates",2420,"Corner Plate 1X2X2","http://cache.lego.com/media/bricks/5/1/242026.jpg",347
"70809-1",302126,2,"Black","System: Plates",3021,"Plate 2X3","http://cache.lego.com/media/bricks/5/1/302126.jpg",649
"70809-1",302226,6,"Black","System: Plates",3022,"Plate 2X2","http://cache.lego.com/media/bricks/5/1/302226.jpg",843
"70809-1",302326,4,"Black","System: Plates",3023,"Plate 1X2","http://cache.lego.com/media/bricks/5/1/302326.jpg",1017
"70809-1",302426,2,"Black","System: Plates",3024,"Plate 1X1","http://cache.lego.com/media/bricks/5/1/302426.jpg",320
"70809-1",303226,1,"Black","System: Plates",3032,"Plate 4X6","http://cache.lego.com/media/bricks/5/1/303226.jpg",282
"70809-1",303526,1,"Black","System: Plates",3035,"Plate 4X8","http://cache.lego.com/media/bricks/5/1/303526.jpg",211
"70809-1",306826,7,"Black","System: Plates",3068,"Flat Tile 2X2","http://cache.lego.com/media/bricks/5/1/306826.jpg",407
"70809-1",371026,4,"Black","System: Plates",3710,"Plate 1X4","http://cache.lego.com/media/bricks/5/1/371026.jpg",839
"70809-1",4558170,1,"Black","System: Plates",63864,"Flat Tile 1X3","http://cache.lego.com/media/bricks/5/1/4558170.jpg",112
"70809-1",408126,4,"Black","System: Plates, Special",4081,"Lamp Holder","http://cache.lego.com/media/bricks/5/1/408126.jpg",245
"70809-1",4286009,3,"Black","System: Plates, Special",4510,"Plate 1X8 With Rail","http://cache.lego.com/media/bricks/5/1/4286009.jpg",41
"70809-1",4523339,1,"Black","System: Plates, Special",4595,"Motor 1X2X2/3","http://cache.lego.com/media/bricks/5/1/4523339.jpg",72
"70809-1",4535739,2,"Black","System: Plates, Special",63868,"Plate 2X1 W/Holder,Vertical","http://cache.lego.com/media/bricks/5/1/4535739.jpg",173
"70809-1",4569733,2,"Black","System: Plates, Special",88072,"Plate 1X2 W. Vertical Schaft","http://cache.lego.com/media/bricks/5/1/4569733.jpg",138
"70809-1",4632571,4,"Black","System: Plates, Special",4081,"Lamp Holder","http://cache.lego.com/media/bricks/5/1/4632571.jpg",113
"70809-1",6018805,1,"Black","System: Plates, Special",75937,"Parabolic Ring","http://cache.lego.com/media/bricks/5/1/6018805.jpg",94
"70809-1",614126,2,"Black","System: Plates, Special Circles And Angles",6141,"Round Plate 1X1","http://cache.lego.com/media/bricks/5/1/614126.jpg",674
"70809-1",4180087,1,"Black","System: Plates, Special Circles And Angles",43898,"Parabolic Reflector Ø24X6,4","http://cache.lego.com/media/bricks/5/1/4180087.jpg",53
"70809-1",4227684,2,"Black","System: Plates, Special Circles And Angles",2450,"Corner Plate 45 Deg. 3X3","http://cache.lego.com/media/bricks/5/1/4227684.jpg",70
"70809-1",6054852,4,"Black","System: Plates, Special Circles And Angles",15706,"Plate (A)  4M 45°","http://cache.lego.com/media/bricks/5/1/6054852.jpg",37
"70809-1",6074034,1,"Black","System: Rubbers And Strings",14224,"String 40 M W. 2 Knobs","http://cache.lego.com/media/bricks/5/1/6074034.jpg",8
"70809-1",6096957,1,"Black","System: Rubbers And Strings",14224,"String 40 M W. 2 Knobs","http://cache.lego.com/media/bricks/5/1/6096957.jpg",10
"70809-1",73587,2,"Black","System: Signs, Flags And Poles",73587,"Mini Antenna Ass.Bla/Bla","http://cache.lego.com/media/bricks/5/1/73587.jpg",132
"70809-1",4140303,1,"Black","System: Signs, Flags And Poles",30374,"Light Sword - Blade","http://cache.lego.com/media/bricks/5/1/4140303.jpg",199
"70809-1",4538722,1,"Black","System: Signs, Flags And Poles",63965,"Stick 6M W/Flange","http://cache.lego.com/media/bricks/5/1/4538722.jpg",174
"70809-1",6081988,1,"Black","System: Signs, Flags And Poles",18274,"Stick 6M W/Flange","http://cache.lego.com/media/bricks/5/1/6081988.jpg",113
"70809-1",6116604,1,"Black","System: Signs, Flags And Poles",21462,"Light Sword - Blade","http://cache.lego.com/media/bricks/5/1/6116604.jpg",104
"70809-1",6057397,1,"Black","System: Transportation Means, Vehicles",16091,"Stee.Wheel Ø16 F/Console 2X2","http://cache.lego.com/media/bricks/5/1/6057397.jpg",43
"70809-1",4495935,2,"Black","Technic: Beams",32524,"Technic 7M Beam","http://cache.lego.com/media/bricks/5/1/4495935.jpg",157
"70809-1",4522933,2,"Black","Technic: Beams",41239,"Technic 13M Beam","http://cache.lego.com/media/bricks/5/1/4522933.jpg",85
"70809-1",6029578,1,"Black","Technic: Beams",64290,"Technic 11M Beam","http://cache.lego.com/media/bricks/5/1/6029578.jpg",52
"70809-1",4121667,1,"Black","Technic: Beams, Special",32184,"Double Cross Block","http://cache.lego.com/media/bricks/5/1/4121667.jpg",199
"70809-1",4173970,2,"Black","Technic: Beams, Special",42003,"Cross Blok 3M","http://cache.lego.com/media/bricks/5/1/4173970.jpg",149
"70809-1",4121715,12,"Black","Technic: Connectors",2780,"Connector Peg W. Friction","http://cache.lego.com/media/bricks/5/1/4121715.jpg",1722
"70809-1",4184169,4,"Black","Technic: Connectors",6628,"Ball With Friction Snap","http://cache.lego.com/media/bricks/5/1/4184169.jpg",317
"70809-1",4530733,2,"Black","Technic: Functional Elements",32005,"Track Rod 6M,","http://cache.lego.com/media/bricks/5/1/4530733.jpg",26
"70809-1",4629921,2,"Black","Technic: Functional Elements",32005,"Track Rod 6M,","http://cache.lego.com/media/bricks/5/1/4629921.jpg",20
"70809-1",4143005,4,"Bright Blue","Technic: Connectors",4274,"Connector Peg W. Knob","http://cache.lego.com/media/bricks/5/1/4143005.jpg",585
"70809-1",4206482,7,"Bright Blue","Technic: Connectors",43093,"Conn.Bush W.Fric./Crossale","http://cache.lego.com/media/bricks/5/1/4206482.jpg",1196
"70809-1",4514553,2,"Bright Blue","Technic: Connectors",6558,"Connector Peg W. Friction 3M","http://cache.lego.com/media/bricks/5/1/4514553.jpg",585
"70809-1",6058044,1,"Bright Orange","System: Figure Accessories, Upper And Lower Part",16287,"Mini Lower Part 'No. 605'","http://cache.lego.com/media/bricks/5/1/6058044.jpg",12
"70809-1",6057682,1,"Bright Orange","System: Mini Figure",76382,"Mini Upperbody No. 2538","http://cache.lego.com/media/bricks/5/1/6057682.jpg",12
"70809-1",4654448,1,"Bright Orange","System: Miscellaneous Elements",96874,"Element Seperator","http://cache.lego.com/media/bricks/5/1/4654448.jpg",367
"70809-1",6057894,2,"Bright Purple","System: Bricks, With Slope",50746,"Roof Tile 1X1X2/3, Pc","http://cache.lego.com/media/bricks/5/1/6057894.jpg",2
"70809-1",6127601,2,"Bright Purple","System: Bricks, With Slope",54200,"Roof Tile 1X1X2/3, Abs","http://cache.lego.com/media/bricks/5/1/6127601.jpg",11
"70809-1",246521,1,"Bright Red","System: Bricks",2465,"Brick 1X16","http://cache.lego.com/media/bricks/5/1/246521.jpg",22
"70809-1",300221,1,"Bright Red","System: Bricks",3002,"Brick 2X3","http://cache.lego.com/media/bricks/5/1/300221.jpg",305
"70809-1",4521852,2,"Bright Red","System: Bricks With Bows And Arches",30165,"Brick 2X2 W. Bow And Knobs","http://cache.lego.com/media/bricks/5/1/4521852.jpg",37
"70809-1",6055611,1,"Bright Red","System: Bricks, Special",15444,"Brick 1X1X2 With Extra Tube Side","http://cache.lego.com/media/bricks/5/1/6055611.jpg",9
"70809-1",4233485,2,"Bright Red","System: Bricks, Special Ø4.85 Hole And Connecting Bush",32064,"Brick 1X2 With Cross Hole","http://cache.lego.com/media/bricks/5/1/4233485.jpg",68
"70809-1",4513987,2,"Bright Red","System: Bricks, Special Ø4.85 Hole And Connecting Bush",32064,"Brick 1X2 With Cross Hole","http://cache.lego.com/media/bricks/5/1/4513987.jpg",47
"70809-1",4121934,2,"Bright Red","System: Bricks, With Slope",3040,"Roof Tile 1X2/45°","http://cache.lego.com/media/bricks/5/1/4121934.jpg",260
"70809-1",389921,2,"Bright Red","System: Figure Accessories In Hand",3899,"Mug","http://cache.lego.com/media/bricks/5/1/389921.jpg",177
"70809-1",6055597,1,"Bright Red","System: Figure, Head Clothing",15864,"Mini  Helmet No 27 Ass.","http://cache.lego.com/media/bricks/5/1/6055597.jpg",1
"70809-1",6065094,1,"Bright Red","System: Figure, Heads And Masks",17033,"Mini Head 'No.1390'","http://cache.lego.com/media/bricks/5/1/6065094.jpg",1
"70809-1",6065100,1,"Bright Red","System: Mini Figure",17034,"Mini Lower Part 'No.641'","http://cache.lego.com/media/bricks/5/1/6065100.jpg",1
"70809-1",302021,2,"Bright Red","System: Plates",3020,"Plate 2X4","http://cache.lego.com/media/bricks/5/1/302021.jpg",507
"70809-1",302121,1,"Bright Red","System: Plates",3021,"Plate 2X3","http://cache.lego.com/media/bricks/5/1/302121.jpg",357
"70809-1",306821,2,"Bright Red","System: Plates",3068,"Flat Tile 2X2","http://cache.lego.com/media/bricks/5/1/306821.jpg",220
"70809-1",346021,2,"Bright Red","System: Plates",3460,"Plate 1X8","http://cache.lego.com/media/bricks/5/1/346021.jpg",138
"70809-1",371021,2,"Bright Red","System: Plates",3710,"Plate 1X4","http://cache.lego.com/media/bricks/5/1/371021.jpg",453
"70809-1",281721,1,"Bright Red","System: Plates, Special",2817,"Technic Doub. Bearing Pl. 2X2","http://cache.lego.com/media/bricks/5/1/281721.jpg",65
"70809-1",6061711,4,"Bright Red","System: Plates, Special",99206,"Plate 2X2X2/3 W. 2. Hor. Knob","http://cache.lego.com/media/bricks/5/1/6061711.jpg",18
"70809-1",614121,4,"Bright Red","System: Plates, Special Circles And Angles",6141,"Round Plate 1X1","http://cache.lego.com/media/bricks/5/1/614121.jpg",416
"70809-1",4178428,2,"Bright Red","System: Plates, Special Circles And Angles",30357,"Plate 3X3, 1/4 Circle","http://cache.lego.com/media/bricks/5/1/4178428.jpg",24
"70809-1",4178728,6,"Bright Red","System: Plates, Special Circles And Angles",30503,"Corner Plate 45 Deg. 4X4","http://cache.lego.com/media/bricks/5/1/4178728.jpg",15
"70809-1",4278275,2,"Bright Red","System: Plates, Special Circles And Angles",2654,"Slide Shoe Round 2X2","http://cache.lego.com/media/bricks/5/1/4278275.jpg",70
"70809-1",6065012,6,"Bright Red","System: Plates, Special Circles And Angles",30503,"Corner Plate 45 Deg. 4X4","http://cache.lego.com/media/bricks/4/1/6065012.jpg",6
"70809-1",6061677,1,"Bright Red","System: Textiles",16494,"Cape, Long 128X53, Col.21","http://cache.lego.com/media/bricks/4/1/6061677.jpg",1
"70809-1",6048859,1,"Bright Red","System: Tyres And Rims For/To Snap Ø4,85 W. Cross",13971,"Rim Narrow Ø18X7 W Hole Ø4.8","http://cache.lego.com/media/bricks/5/1/6048859.jpg",6
"70809-1",4290714,1,"Bright Red","Technic: Beams W/ Ball And Ball Cup",32474,"Voodoo Ball Ø10,2","http://cache.lego.com/media/bricks/5/1/4290714.jpg",45
"70809-1",4128598,2,"Bright Red","Technic: Beams, Special",32184,"Double Cross Block","http://cache.lego.com/media/bricks/5/1/4128598.jpg",46
"70809-1",4142865,2,"Bright Red","Technic: Connectors",32062,"2M Cross Axle W. Groove","http://cache.lego.com/media/bricks/5/1/4142865.jpg",986
"70809-1",4513174,2,"Bright Red","Technic: Connectors",59443,"Cross Axle, Extension, 2M","http://cache.lego.com/media/bricks/5/1/4513174.jpg",117
"70809-1",6057810,1,"Bright Yellow","System: Figure, Heads And Masks",16072,"Mini Head 'No. 1325'","http://cache.lego.com/media/bricks/5/1/6057810.jpg",6
"70809-1",6057827,1,"Bright Yellow","System: Figure, Heads And Masks",16138,"Mini Head 'No. 1341'","http://cache.lego.com/media/bricks/5/1/6057827.jpg",1
"70809-1",6057830,1,"Bright Yellow","System: Figure, Heads And Masks",16142,"Mini Head 'No. 1343'","http://cache.lego.com/media/bricks/4/1/6057830.jpg",1
"70809-1",6057831,1,"Bright Yellow","System: Figure, Heads And Masks",16144,"Mini Head 'No. 1344'","http://cache.lego.com/media/bricks/4/1/6057831.jpg",2
"70809-1",6065098,1,"Bright Yellow","System: Mini Figure",76382,"Mini Upper Part No. 2568","http://cache.lego.com/media/bricks/5/1/6065098.jpg",1
"70809-1",4107823,2,"Bright Yellow","Technic: Half Beams",6632,"Technic Lever 3M","http://cache.lego.com/media/bricks/5/1/4107823.jpg",61
"70809-1",6058014,1,"Cool Yellow","System: Plates",3024,"Plate 1X1","http://cache.lego.com/media/bricks/5/1/6058014.jpg",5
"70809-1",6064652,1,"Dark Azur","System: Textiles",50231,"Mini Fig, Cape W/ Silver Glitter,Col.321","http://cache.lego.com/media/bricks/4/1/6064652.jpg",3
"70809-1",4546705,2,"Dark Green","System: Bricks, With Slope",54200,"Roof Tile 1X1X2/3, Abs","http://cache.lego.com/media/bricks/5/1/4546705.jpg",59
"70809-1",371028,1,"Dark Green","System: Plates",3710,"Plate 1X4","http://cache.lego.com/media/bricks/5/1/371028.jpg",179
"70809-1",379528,1,"Dark Green","System: Plates",3795,"Plate 2X6","http://cache.lego.com/media/bricks/5/1/379528.jpg",126
"70809-1",4543259,1,"Dark Green","System: Plates, Special Circles And Angles",41769,"Right Plate 2X4 W/Angle","http://cache.lego.com/media/bricks/5/1/4543259.jpg",12
"70809-1",4543262,1,"Dark Green","System: Plates, Special Circles And Angles",41770,"Left Plate 2X4 W/Angle","http://cache.lego.com/media/bricks/5/1/4543262.jpg",12
"70809-1",6062658,1,"Dark Orange","System: Figure, Wigs",15846,"Mini  Wig No. 80 'No. 1'","http://cache.lego.com/media/bricks/5/1/6062658.jpg",2
"70809-1",4210798,1,"Dark Stone Grey","System: Bricks",6112,"Brick 1X12","http://cache.lego.com/media/bricks/5/1/4210798.jpg",41
"70809-1",4211060,2,"Dark Stone Grey","System: Bricks",3003,"Brick 2X2","http://cache.lego.com/media/bricks/5/1/4211060.jpg",237
"70809-1",4211109,2,"Dark Stone Grey","System: Bricks",2357,"Brick Corner 1X2X2","http://cache.lego.com/media/bricks/5/1/4211109.jpg",134
"70809-1",4648256,2,"Dark Stone Grey","System: Bricks With Bows And Arches",93273,"Plate W. Bow 1X4X2/3","http://cache.lego.com/media/bricks/5/1/4648256.jpg",96
"70809-1",4249139,4,"Dark Stone Grey","System: Bricks, Special Circles And Angles",6143,"Brick Ø16 W. Cross","http://cache.lego.com/media/bricks/5/1/4249139.jpg",104
"70809-1",6092666,1,"Dark Stone Grey","System: Bricks, Special Circles And Angles",14918,"Nose Cone 2X2X2","http://cache.lego.com/media/bricks/5/1/6092666.jpg",13
"70809-1",4567887,4,"Dark Stone Grey","System: Bricks, With Slope",85984,"Roof Tile 1 X 2 X 2/3, Abs","http://cache.lego.com/media/bricks/5/1/4567887.jpg",198
"70809-1",4210698,1,"Dark Stone Grey","System: Figure Accessories In Hand",4349,"Megaphone","http://cache.lego.com/media/bricks/5/1/4210698.jpg",66
"70809-1",4521512,4,"Dark Stone Grey","System: Figure Accessories, Upper And Lower Part",30375,"Space Skeleton Body","http://cache.lego.com/media/bricks/5/1/4521512.jpg",36
"70809-1",6012812,6,"Dark Stone Grey","System: Figure Accessories, Upper And Lower Part",76116,"Bad Robot Arm","http://cache.lego.com/media/bricks/5/1/6012812.jpg",33
"70809-1",6064702,1,"Dark Stone Grey","System: Figure, Wigs",93217,"Mini Wig No. 13","http://cache.lego.com/media/bricks/5/1/6064702.jpg",2
"70809-1",4222693,1,"Dark Stone Grey","System: Mini Figure",73200,"Mini Lower Part","http://cache.lego.com/media/bricks/5/1/4222693.jpg",179
"70809-1",6057746,1,"Dark Stone Grey","System: Mini Figure",76382,"Mini Upperbody No. 2555","http://cache.lego.com/media/bricks/5/1/6057746.jpg",2
"70809-1",4211001,1,"Dark Stone Grey","System: Plates",3710,"Plate 1X4","http://cache.lego.com/media/bricks/5/1/4211001.jpg",489
"70809-1",4211002,1,"Dark Stone Grey","System: Plates",3795,"Plate 2X6","http://cache.lego.com/media/bricks/5/1/4211002.jpg",487
"70809-1",4560184,5,"Dark Stone Grey","System: Plates",87079,"Flat Tile 2X4","http://cache.lego.com/media/bricks/5/1/4560184.jpg",115
"70809-1",4565322,2,"Dark Stone Grey","System: Plates",87580,"Plate 2X2 W 1 Knob","http://cache.lego.com/media/bricks/5/1/4565322.jpg",87
"70809-1",4210763,2,"Dark Stone Grey","System: Plates, Special",32530,"T-Beam W. Plate 1X2 W. Tube","http://cache.lego.com/media/bricks/5/1/4210763.jpg",163
"70809-1",4211129,4,"Dark Stone Grey","System: Plates, Special",2460,"Plate 2X2 W. Vertical Snap","http://cache.lego.com/media/bricks/5/1/4211129.jpg",107
"70809-1",4587212,4,"Dark Stone Grey","System: Plates, Special",60897,"Plate 1X1 W. Holder","http://cache.lego.com/media/bricks/5/1/4587212.jpg",170
"70809-1",4211042,1,"Dark Stone Grey","System: Plates, Special Circles And Angles",4032,"Plate 2X2 Round","http://cache.lego.com/media/bricks/5/1/4211042.jpg",259
"70809-1",6055313,1,"Dark Stone Grey","System: Plates, Special Circles And Angles",15535,"Flat Tile 2X2 Round W. Hole Ø4.85","http://cache.lego.com/media/bricks/5/1/6055313.jpg",144
"70809-1",4210751,2,"Dark Stone Grey","Technic: Beams",32523,"Technic 3M Beam","http://cache.lego.com/media/bricks/5/1/4210751.jpg",100
"70809-1",4210655,1,"Dark Stone Grey","Technic: Beams, Special",32291,"Technic Cross Block 2X1","http://cache.lego.com/media/bricks/5/1/4210655.jpg",51
"70809-1",4499858,3,"Dark Stone Grey","Technic: Connectors",55013,"Cross Axle 8M With End Stop","http://cache.lego.com/media/bricks/5/1/4499858.jpg",226
"70809-1",6083620,2,"Dark Stone Grey","Technic: Connectors",87083,"Cross Axle 4M With End Stop","http://cache.lego.com/media/bricks/5/1/6083620.jpg",318
"70809-1",6064035,1,"Light Purple","System: Bricks",16860,"Brick 1X3 'No. 2'","http://cache.lego.com/media/bricks/5/1/6064035.jpg",1
"70809-1",6064911,1,"Light Purple","System: Bricks With Bows And Arches",17019,"Brick W. Bow 1X3  'No. 1'","http://cache.lego.com/media/bricks/5/1/6064911.jpg",1
"70809-1",6036788,1,"Light Purple","System: Plates",3623,"Plate 1X3","http://cache.lego.com/media/bricks/5/1/6036788.jpg",7
"70809-1",6055615,1,"Light Royal Blue","System: Animals And Creatures",89522,"Conical Horn Ø 3.2 Shaft","http://cache.lego.com/media/bricks/5/1/6055615.jpg",4
"70809-1",6063939,1,"Medium Blue","System: Mini Figure",76382,"Mini Upperbody No. 2557","http://cache.lego.com/media/bricks/5/1/6063939.jpg",3
"70809-1",6063953,1,"Medium Blue","System: Mini Figure",76382,"Mini Upperbody No. 2558","http://cache.lego.com/media/bricks/5/1/6063953.jpg",1
"70809-1",6057828,1,"Medium Nougat","System: Figure, Heads And Masks",16140,"Mini Head 'No. 1342'","http://cache.lego.com/media/bricks/4/1/6057828.jpg",2
"70809-1",4211349,1,"Medium Stone Grey","System: Bricks",2357,"Brick Corner 1X2X2","http://cache.lego.com/media/bricks/5/1/4211349.jpg",123
"70809-1",4211363,2,"Medium Stone Grey","System: Bricks",2454,"Brick 1X2X5","http://cache.lego.com/media/bricks/5/1/4211363.jpg",58
"70809-1",4211387,2,"Medium Stone Grey","System: Bricks",3003,"Brick 2X2","http://cache.lego.com/media/bricks/5/1/4211387.jpg",289
"70809-1",4211388,2,"Medium Stone Grey","System: Bricks",3004,"Brick 1X2","http://cache.lego.com/media/bricks/5/1/4211388.jpg",414
"70809-1",4211389,2,"Medium Stone Grey","System: Bricks",3005,"Brick 1X1","http://cache.lego.com/media/bricks/5/1/4211389.jpg",296
"70809-1",4211564,1,"Medium Stone Grey","System: Bricks",3245,"Brick 1X2X2","http://cache.lego.com/media/bricks/5/1/4211564.jpg",92
"70809-1",4211650,2,"Medium Stone Grey","System: Bricks",30145,"Brick 2X2X3","http://cache.lego.com/media/bricks/5/1/4211650.jpg",36
"70809-1",4211636,1,"Medium Stone Grey","System: Bricks, Special",30414,"Brick 1X4 W. 4 Knobs","http://cache.lego.com/media/bricks/5/1/4211636.jpg",143
"70809-1",6015344,2,"Medium Stone Grey","System: Bricks, Special",11211,"Brick 1X2 W. 2 Knobs","http://cache.lego.com/media/bricks/5/1/6015344.jpg",189
"70809-1",4211364,2,"Medium Stone Grey","System: Bricks, Special Ø4.85 Hole And Connecting Bush",2458,"Brick 1X2 W. Horizontal Snap","http://cache.lego.com/media/bricks/5/1/4211364.jpg",66
"70809-1",4211466,2,"Medium Stone Grey","System: Bricks, Special Ø4.85 Hole And Connecting Bush",3894,"Brick 1X6, Ø4,9","http://cache.lego.com/media/bricks/5/1/4211466.jpg",86
"70809-1",4211676,2,"Medium Stone Grey","System: Bricks, Special Ø4.85 Hole And Connecting Bush",6249,"Bearing Element 2X4 W.D. Snap","http://cache.lego.com/media/bricks/5/1/4211676.jpg",43
"70809-1",4211705,1,"Medium Stone Grey","System: Bricks, Special Ø4.85 Hole And Connecting Bush",32018,"Technic Brick 1X14, Ø4,9","http://cache.lego.com/media/bricks/5/1/4211705.jpg",50
"70809-1",4233493,2,"Medium Stone Grey","System: Bricks, Special Ø4.85 Hole And Connecting Bush",32064,"Brick 1X2 With Cross Hole","http://cache.lego.com/media/bricks/5/1/4233493.jpg",149
"70809-1",4216248,2,"Medium Stone Grey","System: Bricks, With Slope",2449,"Roof Tile 1X2X3/74° Inv.","http://cache.lego.com/media/bricks/5/1/4216248.jpg",38
"70809-1",4515374,6,"Medium Stone Grey","System: Bricks, With Slope",60481,"Roof Tile 2X1X2","http://cache.lego.com/media/bricks/5/1/4515374.jpg",73
"70809-1",4211679,3,"Medium Stone Grey","System: Connectors",30552,"Fric/Stump With Cross Hole","http://cache.lego.com/media/bricks/5/1/4211679.jpg",59
"70809-1",4222047,2,"Medium Stone Grey","System: Connectors",30553,"Fric/Fork W. Cross Hole","http://cache.lego.com/media/bricks/5/1/4222047.jpg",60
"70809-1",4550251,2,"Medium Stone Grey","System: Connectors",30554,"Link 1M Fric/Fork/Stumpf","http://cache.lego.com/media/bricks/5/1/4550251.jpg",19
"70809-1",4211760,1,"Medium Stone Grey","System: Figure Accessories, Upper Body",42446,"Mini Fig. Back Plate W. Knob","http://cache.lego.com/media/bricks/5/1/4211760.jpg",59
"70809-1",4641048,1,"Medium Stone Grey","System: Figure, Weapons",97927,"Handcuffs","http://cache.lego.com/media/bricks/5/1/4641048.jpg",119
"70809-1",4611917,1,"Medium Stone Grey","System: Figure, Wigs",40233,"Harry Potters Wig","http://cache.lego.com/media/bricks/5/1/4611917.jpg",2
"70809-1",6064706,1,"Medium Stone Grey","System: Figure, Wigs",40233,"Harry Potters Wig","http://cache.lego.com/media/bricks/5/1/6064706.jpg",2
"70809-1",4593679,4,"Medium Stone Grey","System: Frames, Windows, Walls And Doors",87552,"Wallelement 1X2X2","http://cache.lego.com/media/bricks/5/1/4593679.jpg",58
"70809-1",4520320,1,"Medium Stone Grey","System: Miscellaneous Elements",61184,"3 M.Arch W.Knob And Shaft Ø3.2","http://cache.lego.com/media/bricks/5/1/4520320.jpg",381
"70809-1",4211360,2,"Medium Stone Grey","System: Plates",2445,"Plate 2X12","http://cache.lego.com/media/bricks/5/1/4211360.jpg",122
"70809-1",4211395,1,"Medium Stone Grey","System: Plates",3020,"Plate 2X4","http://cache.lego.com/media/bricks/5/1/4211395.jpg",551
"70809-1",4211396,6,"Medium Stone Grey","System: Plates",3021,"Plate 2X3","http://cache.lego.com/media/bricks/5/1/4211396.jpg",447
"70809-1",4211397,1,"Medium Stone Grey","System: Plates",3022,"Plate 2X2","http://cache.lego.com/media/bricks/5/1/4211397.jpg",527
"70809-1",4211398,13,"Medium Stone Grey","System: Plates",3023,"Plate 1X2","http://cache.lego.com/media/bricks/5/1/4211398.jpg",621
"70809-1",4211405,1,"Medium Stone Grey","System: Plates",3033,"Plate 6X10","http://cache.lego.com/media/bricks/5/1/4211405.jpg",62
"70809-1",4211406,1,"Medium Stone Grey","System: Plates",3034,"Plate 2X8","http://cache.lego.com/media/bricks/5/1/4211406.jpg",258
"70809-1",4211414,5,"Medium Stone Grey","System: Plates",3069,"Flat Tile 1X2","http://cache.lego.com/media/bricks/5/1/4211414.jpg",315
"70809-1",4211445,1,"Medium Stone Grey","System: Plates",3710,"Plate 1X4","http://cache.lego.com/media/bricks/5/1/4211445.jpg",493
"70809-1",4211733,1,"Medium Stone Grey","System: Plates",3027,"Plate 6X16","http://cache.lego.com/media/bricks/5/1/4211733.jpg",31
"70809-1",4560183,2,"Medium Stone Grey","System: Plates",87079,"Flat Tile 2X4","http://cache.lego.com/media/bricks/5/1/4560183.jpg",210
"70809-1",4565393,1,"Medium Stone Grey","System: Plates",87580,"Plate 2X2 W 1 Knob","http://cache.lego.com/media/bricks/5/1/4565393.jpg",112
"70809-1",6066097,2,"Medium Stone Grey","System: Plates",15573,"Plate 1X2 W. 1 Knob","http://cache.lego.com/media/bricks/5/1/6066097.jpg",344
"70809-1",4211419,2,"Medium Stone Grey","System: Plates, Special",3176,"Coupling Plate 2X2","http://cache.lego.com/media/bricks/5/1/4211419.jpg",100
"70809-1",4211498,1,"Medium Stone Grey","System: Plates, Special",4510,"Plate 1X8 With Rail","http://cache.lego.com/media/bricks/5/1/4211498.jpg",74
"70809-1",4211572,1,"Medium Stone Grey","System: Plates, Special",30157,"Wheel Suspension 2X4 W. Snap","http://cache.lego.com/media/bricks/5/1/4211572.jpg",55
"70809-1",4237084,4,"Medium Stone Grey","System: Plates, Special",2476,"Plate 2X2 Inverted W. Snap","http://cache.lego.com/media/bricks/5/1/4237084.jpg",93
"70809-1",4515341,2,"Medium Stone Grey","System: Plates, Special",60471,"Plate 1X2 W/Fork, Vertical","http://cache.lego.com/media/bricks/5/1/4515341.jpg",84
"70809-1",4541978,4,"Medium Stone Grey","System: Plates, Special",61252,"Plate 1X1 W/Holder Vertical","http://cache.lego.com/media/bricks/5/1/4541978.jpg",158
"70809-1",4598526,1,"Medium Stone Grey","System: Plates, Special",92280,"Plate 1X2 W. Vertical Grip","http://cache.lego.com/media/bricks/5/1/4598526.jpg",217
"70809-1",4654580,3,"Medium Stone Grey","System: Plates, Special",99207,"Angular Plate 1.5 Bot. 1X2 2/2","http://cache.lego.com/media/bricks/5/1/4654580.jpg",256
"70809-1",4666449,1,"Medium Stone Grey","System: Plates, Special",92582,"Plate 2X2 W. Stump/Top","http://cache.lego.com/media/bricks/5/1/4666449.jpg",55
"70809-1",6004990,2,"Medium Stone Grey","System: Plates, Special",99780,"Angular Plate 1.5 Bot. 1X2 1/2","http://cache.lego.com/media/bricks/5/1/6004990.jpg",97
"70809-1",6009014,3,"Medium Stone Grey","System: Plates, Special",92411,"Angle Plate 1X2 / 2X2","http://cache.lego.com/media/bricks/5/1/6009014.jpg",82
"70809-1",6028812,2,"Medium Stone Grey","System: Plates, Special",11476,"Plate 1X2 W. 1 Horizontal Snap","http://cache.lego.com/media/bricks/5/1/6028812.jpg",170
"70809-1",6045988,4,"Medium Stone Grey","System: Plates, Special",10247,"Plate 2X2 + One Hule Ø4,8","http://cache.lego.com/media/bricks/5/1/6045988.jpg",79
"70809-1",6117967,3,"Medium Stone Grey","System: Plates, Special",21712,"Angle Plate 1X2 / 2X2","http://cache.lego.com/media/bricks/5/1/6117967.jpg",129
"70809-1",4211520,4,"Medium Stone Grey","System: Plates, Special Circles And Angles",6106,"Corner Plate 6X6X45°","http://cache.lego.com/media/bricks/5/1/4211520.jpg",51
"70809-1",6056596,2,"Medium Stone Grey","System: Tubes",14301,"Flex Tube 12 M","http://cache.lego.com/media/bricks/5/1/6056596.jpg",17
"70809-1",4211610,2,"Medium Stone Grey","Technic: Beams",32140,"Technic Ang. Beam 4X2 90 Deg","http://cache.lego.com/media/bricks/5/1/4211610.jpg",89
"70809-1",4211651,2,"Medium Stone Grey","Technic: Beams",32316,"Technic 5M Beam","http://cache.lego.com/media/bricks/5/1/4211651.jpg",94
"70809-1",4211815,3,"Medium Stone Grey","Technic: Connectors",4519,"Cross Axle 3M","http://cache.lego.com/media/bricks/5/1/4211815.jpg",841
"70809-1",4278756,1,"Medium Stone Grey","Technic: Connectors",32187,"Middle Ring","http://cache.lego.com/media/bricks/5/1/4278756.jpg",71
"70809-1",4514700,2,"Multicombination","System: Figure, Weapons",59233,"Lightening Bolt Co-Inj.126/42","http://cache.lego.com/media/bricks/5/1/4514700.jpg",30
"70809-1",6059258,1,"Reddish Brown","System: Figure Accessories, Upper Body",15443,"Mini  Wig No. 61","http://cache.lego.com/media/bricks/5/1/6059258.jpg",12
"70809-1",4612901,4,"Silver Metallic","System: Animals And Creatures",88513,"Horn W. Shaft Ø 3.2","http://cache.lego.com/media/bricks/5/1/4612901.jpg",61
"70809-1",6008483,4,"Silver Metallic","System: Figure Accessories, Upper And Lower Part",76116,"Bad Robot Arm","http://cache.lego.com/media/bricks/5/1/6008483.jpg",45
"70809-1",6046398,4,"Silver Metallic","System: Figure, Weapons",13608,"Laser Pistol","http://cache.lego.com/media/bricks/5/1/6046398.jpg",31
"70809-1",4619636,4,"Silver Metallic","System: Plates",2412,"Radiator Grille 1X2","http://cache.lego.com/media/bricks/5/1/4619636.jpg",114
"70809-1",4633691,21,"Silver Metallic","System: Plates, Special Circles And Angles",6141,"Plate 1X1 Round","http://cache.lego.com/media/bricks/5/1/4633691.jpg",164
"70809-1",4655241,1,"Silver Metallic","System: Plates, Special Circles And Angles",98138,"Flat Tile 1X1, Round","http://cache.lego.com/media/bricks/5/1/4655241.jpg",77
"70809-1",6044636,1,"Silver Metallic","Technic: Tubes",14925,"Flex Hose 19M W/3. 18 Stick","http://cache.lego.com/media/bricks/5/1/6044636.jpg",10
"70809-1",6057898,1,"Spring Yellowish Green","System: Plates, Special Circles And Angles",6141,"Plate 1X1 Round","http://cache.lego.com/media/bricks/5/1/6057898.jpg",16
"70809-1",6074416,2,"Transparent","System: Decoration Elements",17514,"Foot Plate 2X4","http://cache.lego.com/media/bricks/5/1/6074416.jpg",1
"70809-1",6001697,1,"Transparent Bright Green","System: Figure Accessories In Hand",10178,"Moonstone","http://cache.lego.com/media/bricks/5/1/6001697.jpg",3
"70809-1",4280341,18,"Transparent Bright Orange","System: Plates",6225,"Plate 1X2 - Tr.","http://cache.lego.com/media/bricks/5/1/4280341.jpg",82
"70809-1",6001197,6,"Transparent Brown","System: Plates",6225,"Plate 1X2 - Tr.","http://cache.lego.com/media/bricks/5/1/6001197.jpg",32
"70809-1",4283915,2,"Transparent Light Blue","System: Bricks",46212,"Brick 1X2X5 - Tr.","http://cache.lego.com/media/bricks/5/1/4283915.jpg",31
"70809-1",4640026,12,"Transparent Light Blue","System: Frames, Windows, Walls And Doors",94638,"Wallelement 1X2X2, Pc","http://cache.lego.com/media/bricks/5/1/4640026.jpg",35
"70809-1",4163917,8,"Transparent Light Blue","System: Plates, Special Circles And Angles",30057,"Round Plate 1X1 - Tr.","http://cache.lego.com/media/bricks/5/1/4163917.jpg",279
"70809-1",4544720,2,"Transparent Red","System: Bricks, Special Circles And Angles",64288,"Nose Cone Small 1X1 - Tr","http://cache.lego.com/media/bricks/5/1/4544720.jpg",111
"70809-1",4497943,2,"Transparent Red","System: Figure Accessories In Hand",58176,"Couple W. 3.2 Stick","http://cache.lego.com/media/bricks/5/1/4497943.jpg",90
"70809-1",3000841,7,"Transparent Red","System: Plates",30008,"Plate 1X1 - Tr.","http://cache.lego.com/media/bricks/5/1/3000841.jpg",255
"70809-1",4190187,13,"Transparent Red","System: Plates",30244,"Radiator Grille - Tr","http://cache.lego.com/media/bricks/5/1/4190187.jpg",51
"70809-1",4201019,14,"Transparent Red","System: Plates",6225,"Plate 1X2 - Tr.","http://cache.lego.com/media/bricks/5/1/4201019.jpg",197
"70809-1",4142995,1,"Transparent Red","System: Plates, Special Circles And Angles",30063,"Parabolic Element Ø16 - Tr","http://cache.lego.com/media/bricks/5/1/4142995.jpg",55
"70809-1",3000844,2,"Transparent Yellow","System: Plates",30008,"Plate 1X1 - Tr.","http://cache.lego.com/media/bricks/5/1/3000844.jpg",177
"70809-1",3005744,1,"Transparent Yellow","System: Plates, Special Circles And Angles",30057,"Round Plate 1X1 - Tr.","http://cache.lego.com/media/bricks/5/1/3005744.jpg",503
"70809-1",4523159,6,"Warm Gold","System: Plates, Special Circles And Angles",6141,"Plate 1X1 Round","http://cache.lego.com/media/bricks/5/1/4523159.jpg",229
"70809-1",300201,2,"White","System: Bricks",3002,"Brick 2X3","http://cache.lego.com/media/bricks/5/1/300201.jpg",343
"70809-1",301001,4,"White","System: Bricks",3010,"Brick 1X4","http://cache.lego.com/media/bricks/5/1/301001.jpg",600
"70809-1",6031947,1,"White","System: Bricks With Bows And Arches",93606,"Brick W. Bow 2X4","http://cache.lego.com/media/bricks/5/1/6031947.jpg",21
"70809-1",306201,4,"White","System: Bricks, Special Circles And Angles",3062,"Round Brick 1X1","http://cache.lego.com/media/bricks/5/1/306201.jpg",265
"70809-1",4650644,12,"White","System: Bricks, Special Circles And Angles",92947,"Profile Brick Ø15.83 W. Cross","http://cache.lego.com/media/bricks/5/1/4650644.jpg",39
"70809-1",273001,1,"White","System: Bricks, Special Ø4.85 Hole And Connecting Bush",2730,"Technic Brick 1X10 Ø4.9","http://cache.lego.com/media/bricks/5/1/273001.jpg",32
"70809-1",370001,5,"White","System: Bricks, Special Ø4.85 Hole And Connecting Bush",3700,"Technic Brick 1X2, Ø4.9","http://cache.lego.com/media/bricks/5/1/370001.jpg",155
"70809-1",4578606,1,"White","System: Bricks, With Slope",3300,"Ridged Tile 2X2/25°","http://cache.lego.com/media/bricks/5/1/4578606.jpg",9
"70809-1",6070119,1,"White","System: Bricks, With Slope",17291,"Roof Tile 2X2X2/65 Deg. 'No. 25'","http://cache.lego.com/media/bricks/5/1/6070119.jpg",2
"70809-1",6055598,1,"White","System: Decoration Elements",15856,"Designing Plate 1X2X2 'No. 1'","http://cache.lego.com/media/bricks/5/1/6055598.jpg",4
"70809-1",6055608,1,"White","System: Figure Accessories, Upper Body",15442,"Mini Beard No. 2","http://cache.lego.com/media/bricks/5/1/6055608.jpg",2
"70809-1",6062935,1,"White","System: Figure, Wigs",16691,"Mini  Wig No. 62 Ass.","http://cache.lego.com/media/bricks/5/1/6062935.jpg",2
"70809-1",4528140,2,"White","System: Frames, Windows, Walls And Doors",60599,"Frame 2X4X6","http://cache.lego.com/media/bricks/5/1/4528140.jpg",23
"70809-1",6064900,1,"White","System: Mini Figure",76382,"Mini Upperbody No. 2556","http://cache.lego.com/media/bricks/5/1/6064900.jpg",2
"70809-1",241201,2,"White","System: Plates",2412,"Radiator Grille 1X2","http://cache.lego.com/media/bricks/5/1/241201.jpg",244
"70809-1",243101,6,"White","System: Plates",2431,"Flat Tile 1X4","http://cache.lego.com/media/bricks/5/1/243101.jpg",391
"70809-1",302001,2,"White","System: Plates",3020,"Plate 2X4","http://cache.lego.com/media/bricks/5/1/302001.jpg",614
"70809-1",302301,3,"White","System: Plates",3023,"Plate 1X2","http://cache.lego.com/media/bricks/5/1/302301.jpg",799
"70809-1",302401,2,"White","System: Plates",3024,"Plate 1X1","http://cache.lego.com/media/bricks/5/1/302401.jpg",370
"70809-1",346001,3,"White","System: Plates",3460,"Plate 1X8","http://cache.lego.com/media/bricks/5/1/346001.jpg",274
"70809-1",362301,1,"White","System: Plates",3623,"Plate 1X3","http://cache.lego.com/media/bricks/5/1/362301.jpg",305
"70809-1",416201,1,"White","System: Plates",4162,"Flat Tile 1X8","http://cache.lego.com/media/bricks/5/1/416201.jpg",165
"70809-1",617901,1,"White","System: Plates",6179,"Plate 4X4 W. 4 Knobs","http://cache.lego.com/media/bricks/5/1/617901.jpg",78
"70809-1",6051511,4,"White","System: Plates",15573,"Plate 1X2 W. 1 Knob","http://cache.lego.com/media/bricks/5/1/6051511.jpg",360
"70809-1",4632566,4,"White","System: Plates, Special",4081,"Lamp Holder","http://cache.lego.com/media/bricks/5/1/4632566.jpg",107
"70809-1",6018774,2,"White","System: Plates, Special",99781,"Angular Plate 1,5 Top 1X2 1/2","http://cache.lego.com/media/bricks/5/1/6018774.jpg",66
"70809-1",4547649,3,"White","System: Plates, Special Circles And Angles",85861,"Pl.Round 1X1 W. Throughg. Hole","http://cache.lego.com/media/bricks/5/1/4547649.jpg",34
"70809-1",6044691,2,"White","System: Plates, Special Circles And Angles",14769,"Flat Tile 2X2, Round","http://cache.lego.com/media/bricks/5/1/6044691.jpg",84
"70809-1",4538720,1,"White","System: Signs, Flags And Poles",63965,"Stick 6M W/Flange","http://cache.lego.com/media/bricks/5/1/4538720.jpg",79
"70809-1",6081986,1,"White","System: Signs, Flags And Poles",18274,"Stick 6M W/Flange","http://cache.lego.com/media/bricks/5/1/6081986.jpg",21
"70809-1",4549636,1,"White","System: Textiles",86300,"Mantle For Mini Figure","http://cache.lego.com/media/bricks/5/1/4549636.jpg",9
